{"MSE": 0.515999972820282, "RMSE": 0.718999981880188}