{"MSE": 0.22699999809265137, "RMSE": 0.47699999809265137}