{"MSE": 0.6029999852180481, "RMSE": 0.7770000100135803}