{"MSE": 0.5580000281333923, "RMSE": 0.746999979019165}