{"MSE": 0.39399999380111694, "RMSE": 0.6269999742507935}